first_name,last_name,schools
Mikol,Clitsome,Université Denis Diderot (Paris VII)
Aindrea,Sansbury,"National Institute of Technology, Trichy"
Lawry,Scholl,City University Programs in Bulgaria 
Bordy,Dodle,Ecole de l'Air
Kriste,Jannasch,Carson-Newman College
Pablo,Tibbles,Chandra Shekhar Azad University of Agriculture and Technology
Delbert,Yesinin,Al-Farabi Kazakh National University
Jaymee,Oxer,Universidad Autónoma de Baja California Sur
Burnard,Staten,Kokugakuin University
Lilias,Spiteri,Ecole Nationale Supérieure d'Agronomie et des Industries Alimentaires
Arty,Wearing,University of Dohuk (Kurdistan Region)
Goddard,Mowsdill,Eurasian Institute of market
Jerrie,Shillito,Ivanovo State University of Chemistry and Technology
Binny,Lumb,Hampshire College
Lexy,Lechelle,Mountain State University
Matty,Brydell,"Washington State University, Spokane"
Dawna,Fanshaw,Universidade Federal do Piauí
Sidonia,Grelak,St. Francis Xavier University
Toinette,MacGown,Indira Gandhi Agricultural University
Ayn,McGrail,Westminster College Fulton
Pen,Pietranek,Winona State University
Kristian,Shuttle,"Universidad Tecnologica ""Vicente Perez Rosales"""
Domenico,Winkle,K.N.Toosi University of Technology
Bancroft,Youster,Oklahoma State University Center for Health Sciences
Elissa,Ferreli,Chiba University
Agosto,Joanic,Brunswick Community College
Madeline,Ducaen,Universidade Federal de Campina Grande
Morris,Adam,Universidad Mesoamericana de San Agustín
Patric,Macoun,Arthur D. Little Management Education Institute
Jesse,Bartholomaus,International Theravada Buddhist Missionary University
Bink,Line,University of South Florida
Dorotea,McReynolds,Hope International University
Winn,Cristoferi,Bethel College St. Paul
Ange,Riche,Agricultural University of Warsaw
Ash,Darben,Western Kentucky University
Deeyn,Overil,Dneprodzerzhinsk State Technical University
Desdemona,Jozaitis,Southern Wesleyan University
Violante,Spurden,Moi University
Nona,Shawyer,University of Sint Eustatius School of Medicine
Dylan,Bourgeois,State University of New York at New Paltz
Roselin,Gabits,Universitas 17 Agustus 1945 Semarang
Editha,Bonhomme,All Nations University College
Rodrigo,Baxstair,"University Institute of Teacher Training ""Suor Orsola Benincasa"""
Nari,Culbard,Wuhan Automobile Polytechnical University
Sophronia,O' Concannon,State University of Aerospace Technologies
Gillian,Taft,Halic University
Delinda,Stoffler,MacMurray College
Tuck,Etock,University of Zenica
Victor,Swindle,Queensland University of Technology
Susi,Core,University of Mohaghegh
Kayla,Puddle,International Buddhist College
Kinnie,Gehring,Pan Africa Christian University
Tommi,Hitter,Warnborough University
Quintina,Gatman,Veritas University
Nial,Vian,National Kaohsiung Normal University
Minni,Cully,Ural State Academy of Mining and Geology
Margaret,McGeouch,Fachhochschule Hannover
Marcie,Kedge,Estonian Academy of Music and Theatre
Geno,Swinfon,Hebei University of Science and Technology
Lazaro,Rusted,Benemerita Universidad Autónoma de Puebla
Job,Romagnosi,Winston-Salem State University
Celestine,Haughton,University of Wisconsin - River Falls
Curry,O'Lunny,Universidad Nacional Andrés Bello
Waverley,Arthey,Ferris University
Yanaton,Longdon,Muhimbili University of Health and Allied Sciences (MUHAS)
Iorgo,Picott,Tomas Bata University in Zlin
Alfi,Buckie,Universidad Técnica de Babahoyo
Ashia,Pakes,Brandon University
Roley,Hryskiewicz,Cubidor University Switzerland
Wilbert,Parlatt,Huanghe Science & Technology University
Gwyn,Gillaspy,Ballsbridge University 
Kenyon,Proffitt,De Haagse Hogeschool
Kassandra,Reinbech,Walsh College of Accountancy and Business Administration
Lainey,Clark,Notre Dame de Namur University
Padraic,Powrie,University of Roorkee
Godfree,Pattrick,West Texas A&M University
Madlin,Snary,Huron University
Amelia,Boullin,University of Richmond
Shelby,Loch,Al Madinah International University
Lynett,Crayker,Université du Québec à Chicoutimi
Godfry,Langman,Universidad Católica Santo Toribio de Mogrovejo
Denice,Do,Universidad Evangélica de El Salvador
Faydra,Rulf,Fachhochschule Münster
Lethia,Spread,Universidade Federal de Campina Grande
Harmonia,Southcoat,University of Southern Maine
Lonnie,Beville,Fujita Health University
Lottie,Stoltz,Nara Sangyo University
Nance,Whitfield,Yanbu Technical Institute
Osgood,Ertel,Wright State University
Blair,Warder,University of the Virgin Islands
Clevey,Mansuer,Tianjin University of Commerce
Darcy,Ridhole,Universidad Autonoma de Chiriqui
Emmet,Bendig,Anhui University
Paco,Coppledike,Shandong University of Triaditional Chinese Medicine
Flss,Hudspith,"Concordia College, Seward"
Ryon,Siddeley,Université Badji Mokhtar
Janos,Caunt,Instituto Superior de Paços de Brandão
Tate,Biggin,San Jose Christian College
Kariotta,Revens,Universidad Bernardo O'Higgins
Dorise,Meindl,Louisiana College
Rooney,Spacey,Universidad Autonoma de Chiriqui
Alex,Edmonds,Mansfield University of Pennsylvania
Ruperto,Yearnes,Universidade Federal de Lavras
Gladi,Weatherby,Kent State University
Myrtia,Hush,University of Health Sciences
Arturo,Stoacley,Bank Street College of Education
Bess,Merrien,Rivers State University of Science and Technology
Francene,Cambell,Nigde University
Brandea,Roget,Center for Humanistic Studies
Suellen,Andriuzzi,"European Graduate School, Media & Communications"
Julius,Marle,Management and Science University
Elsbeth,Rabley,Boston College
Ursula,Baroche,Hebei Medical University
Felipe,Sholl,Yaroslavl State Theatre Institute
Ichabod,Ebbers,Kenya Medical Training College
Lotty,Mulchrone,Centro de Enseñanza Técnica Industrial
Luca,Lashmore,Universidade Estadual da Paraíba
Conan,Hogben,Kanda University of International Studies
Linnie,McTurlough,Ecole Nationale Supérieure de Physique de Grenoble
Way,Egger,Ecole Centrale d'Electronique - ECE
Rog,Saylor,Samara State Agricultural Academy
Carmita,Sillwood,Tuskegee University
Lambert,Arend,University of Ostrava
Flossi,Ewing,Stie Perbanas Surabaya
Cris,Giercke,Sichuan Agricultural University
Allister,Melladew,Hanoi Medical University
Imelda,Finlan,Universidad Empresarial
Aurie,Wallsworth,Insituto Universitario - Centro Latinoamericano de Economia Humana - IU Claeh
Aindrea,Gabbett,San Jose State University
Ernest,Cauldwell,Ashesi University
Clarissa,Filimore,University of Science and Technology of China
Amy,Dybald,University of Colorado Health Sciences Center
Catarina,Bindin,Blue Mountain College
Walden,Clubley,Daffodil International University
Daisie,Franssen,Arabian Gulf University
Reinold,Hunnybun,Norwegian School of Economics and Business Administration
Dagmar,Marple,Simpson College
Stephenie,Banghe,Universidad Maimónides
Karee,Moorey,Taylor's University College
Bendix,McNally,Instituto Politécnico do Cávado e do Ave
Ericha,Proske,London School of Jewish Studies
Aldric,Antowski,St.Kliment Ohridski University
Ody,Haithwaite,Hemchandracharay North Gujarat University
Ertha,Champniss,Imo State University
Mandi,Beall,Yantai Education Institute & Yantai Television University
Melinda,Mowsdell,Dominican College of Philosophy and Theology
Arley,Malitrott,Ateneo de Naga University
Alain,Burnes,Ecole Supérieure de Commerce de Brest
Jo ann,Cresswell,Chiba Keizai University
Philly,Quipp,California Polytechnic State University - San Luis Obispo
Kalvin,Slade,Bard College
Branden,Haldane,Slovak Medical University
Isa,Groarty,Bifrost School of Business
Kettie,Brinson,Instituto Superior de Ciênicas e Tecnologia de Moçambique
Peri,Baker,Palm Beach State College
Doloritas,Lalor,Universität Salzburg
Ansell,Gareisr,Universidad Tecnológica San Antonio de Machala
Shalne,Duquesnay,Latvian Academy of Arts
Elsa,Burrells,University of Sri Jayawardenapura
Ferdy,Pyett,Università Bocconi
Rubetta,Cruttenden,Université de Yaoundé II
Winna,Bazley,Azerbaijan International University
Markos,Cheal,NTB Interstate University of Applied Sciences of Technology
Markos,Benitez,Southwestern Baptist Theological Seminary
Bess,Sibbe,Université Mouloud Mammeri de Tizi Ouzou
Ethelyn,Pyer,Millsaps College
Kenny,Kiezler,Texas A&M University
Denise,Flynn,Kettering University (GMI)
Ree,Marrable,Benedictine College
Frieda,Sommerville,University of Malta
Debra,Hurler,China Medical College
Petronella,Boord,Institut Teknologi Bandung
Bridie,Dilloway,Saratov State University
Kristyn,Brattan,Bu Ali Sina University
Willabella,Gerardi,Grace Bible College
Pollyanna,Gavaran,The Master's College
Petunia,Scad,University of New Caledonia
Anabelle,Flageul,The Catholic University of America
Stacee,Tickner,"Concordia University, Austin"
Sherwynd,Sallier,Universidad Amazonica de Pando
Kaspar,Noyes,Mississippi State University
Lynnett,Berringer,Kaplan University
Ronalda,Rignold,Asian Institute of Technology
Codee,List,Winona State University
Grove,Owtram,Dankook University
Ryan,Cutford,Private FernFachhochschule Darmstadt
Brandon,Jacquemot,Universidad Miguel de Cervantes
Fae,Offill,City University Athens
Celestyn,Cicculini,Russian State University for the Humanities
Hobart,MacParlan,Kafr El-Sheikh University
Ariadne,Audibert,AgroParisTech
Lelah,Fernandes,Universidad Autónoma del Carmen
Lucila,Orbine,Kilimanjaro Christian Medical College
Coral,Izakson,Hannibal-Lagrange College
Isabelle,Morling,Technological Education Institute of Patras
Faythe,Eller,Benedict College
Jacquenette,Standrin,University of Technology - Iraq
Michel,McGloughlin,Debrecen University of Agricultural Sciences
Collette,Capps,Atlantic University
Brian,Chinery,Vinoba Bhave University
Belle,Lambrecht,Birzeit University
Rowney,Beves,Pedagogical University of Czestochowa
Debby,Stroband,Institute of Paper Science and Technology
Lon,O'Hollegan,Universitas Pembangunan Panca Budi
Carine,Crate,University of Pretoria
Leta,Lecordier,Universidad Autónoma Metropolitana - Xochimilco
Hodge,Clery,Otemae University
Boniface,Cuss,Roanoke College
Fairleigh,Rohloff,Sri Sant Gajanan Maharaj College of Engineering
Bowie,MacTeague,University of the South Pacific
Sollie,Reston,Politeknik Negeri Lhokseumawe
Hobey,Battman,Universidad de Córdoba
Seka,Goodinson,Centre National d'Etudes Agronomiques des Régions Chaudes
Benjamin,Fance,South University of Science and Technology of China 
Elisabeth,Mintram,Tama Art University
Paige,Szymanzyk,Perm State Technical University
Benny,Krinks,Mississippi State University
Brigid,Denidge,Universidade de Cruz Alta
Maggee,Highway,Universidad Autónoma del Noreste
Gavin,Leader,Simmons College
Katharina,Cromblehome,Universidad Politecnica de Nicaragua
Jennie,Thrift,Covenant University
Daffie,Vasenin,Ho Chi Minh City University of Pedagogics
Berke,Parley,Institut Supérieur d'Agriculture Lille
Bernadette,Pottberry,Georgia Southwestern University
Filippo,Lawleff,Mountain View College
Ichabod,Pougher,Kanto Gakuin University
Jarrod,Stichel,Universidad de Piura
Bartlett,Woodburne,Wells College
Tamiko,Aime,Aletheia University
Chrisy,Cammomile,Cardiff University
Skipp,Michel,University of New Haven
Melania,Ecclestone,Austin Community College
Ellerey,Durak,"Rasmussen College, Minnesota Campuses"
Adelaide,Wilfing,Universidade de Santa Cruz do Sul
Ezmeralda,Grcic,College of the Atlantic
Renaldo,Mc Carroll,University of Portland
Bryn,Cholmondeley,Universidad de Valencia
Edmon,Wiltshier,Universidad Galileo
Cecily,Viall,Odessa State Academy of Construction and Architecture
Orelee,Jiggle,Slobomir P Univerzitet
Loree,Placido,Olabisi Onabanjo University 
Donnajean,Samter,Moscow State University of Commerce
Darill,Beare,Bishkek Humanities University
Fern,Glaysher,Universidade de Taubaté
Jayne,Farebrother,Ningxia Medical College
Viole,Klas,Universidad del Sagrado Corazon
Ezra,Keijser,Korea National University of Education
Erinna,Scandrett,"Islamic Azad University, Central Tehran Branch"
Jenni,Hartigan,Capital University of Medical Sciences
Chlo,Figgins,"Islamic Azad University, Najaf Abad"
Skylar,Fussen,Alsadrain University
Creighton,Deason,Southern Nazarene University
Carmon,Lockhurst,Islamic University of Technology
Shawnee,Phelan,Dicle (Tirgris) University
Gillian,Flemming,Université des Sciences et de la Technologie Houari Boumediène
Rozele,Matz,Laurentian University of Sudbury
Lucine,Korba,Wuhan Transportation University
Willard,Toffanini,Universidad Católica de Córdoba
Morie,Burkert,William Gilbert College
Jesselyn,Gryglewski,Global University
Abran,Tansly,Chinese University of Hong Kong
Cecelia,Jost,Cumhuriyet (Republik) University
Lyn,MacRedmond,Harding University Graduate School of Religion
Lynea,Kirley,Madison University (Distance Education)
Berthe,Harrowsmith,Fudan University
Alaster,Asel,Université du Québec à Montréal
Barrett,Tildesley,Al-Zaytoonah University
Arlen,Tabert,Universidade do Sul de Santa Catarina
Lefty,Harrold,Southern Methodist University
Margeaux,Clingoe,Judson College Elgin
Constancia,Casserly,Institute of Clinical Social Work
Brucie,Heelis,Nanjing Agricultural University
Hartwell,Borrett,University of Wisconsin - Eau Claire
Florri,McCarney,Punjab Engineering College Deemed University
Garreth,Ginity,The Scripps Research Institute
Kiley,Corten,Shanghai Dainji University
Chancey,Skeath,Benson Idahosa University
Patty,Teasey,"Federal University of Technology, Owerri"
Zea,Nickolls,Universidad del Valle de Puebla
Murry,Height,Fu Jen Catholic University
Lorette,Harce,University of Bradford
Marthe,Larose,Saurashtra University
Cristina,Wennington,University of Kurdistan - Hawler
Abdul,Arter,Izmir Economic University
Bryce,Renhard,Uzima University College 
Verena,Rodder,National Taiwan Ocean University
Abran,Higgoe,Institut Sains & Teknologi Akprind
Murielle,Sambidge,The Bahá'í Institute For Higher Education (BIHE)
Whitney,Charkham,Russian State University for the Humanities
Sim,Striker,Qom University of Technology
Keir,Swatradge,University of Malta
Hayden,Stanner,Turkish Naval Academy
Ashil,Sudy,Universitas Bung Hatta
Kennie,Iamittii,Eastern Illinois University
Killy,Coots,"International Banking Institute, St. Petersburg"
Lindon,Killik,European University
Gretel,Greveson,Notre Dame College of Ohio
Winifred,Sewell,Katholische Fachhochschule Mainz
Lise,Skarin,Kitakyushu University
Pail,Dogerty,University of the Sacred Heart Tokyo
Graehme,Ballston,Royal Veterinary and Agricultural University
Willyt,Crippes,Tomsk Polytechnic University
Darryl,Mitroshinov,University of Northern Virginia
Tod,McLeod,Ecole Nationale Vétérinaire de Nantes
Patricio,Pendre,University of Texas at San Antonio
Colette,Gergler,Netaji Subhas Inst of Technology
Colman,Miranda,Universidad del Azuay
Joby,Stefi,Vaasa University of Applied Sciences
Annabell,Hammond,Hanoi University of Science & Technology
Natasha,Everington,North-West State Technical University
Delcina,Scotchford,Monmouth University
Cos,Snazle,Umm Al-Qura University
Lisabeth,Seville,Universiti Tun Hussein Onn Malaysia
Bill,Poltone,"Mahatma Gandhi University, Kerala"
Cecily,Stockey,Hanoi University of Science
Maxim,Roman,Dr. Babasaheb Ambedkar Technological University
Bobbie,Valance,"Florida Metropolitan University, Tampa College Brandon"
Seymour,Inder,Kokugakuin University
Melanie,Widocks,Osaka University of Commerce
Vladimir,Gillis,Sweet Briar College
Keith,Raunds,Ural State Academy of Law
Dianne,Rea,Universidad Autónoma de San Luis Potosí
Marylynne,Robertshaw,Buena Vista University
Hyacintha,Pinnigar,Papua New Guinea University of Technology
Chrystal,Baldini,Universidad de Chiclayo
Humfrid,Gonnin,Judson College Elgin
Madonna,Haggett,Zimbabwe Open University
Stafford,Brokenshire,Universidade de Vila Velha
Mischa,Bristo,Campbell University
Michaelina,Kristof,Sunmoon University
Hyacinthe,Himsworth,"Johns Hopkins University, SAIS Bologna Center"
Gualterio,Perez,Kaohsuing Open University
Yorker,Vevers,Academy of Economics in Poznan
Forster,Bishopp,Allama Iqbal Open University
Danila,Hurich,Zabol University
Jereme,Greenstead,Illinois College
Dolorita,Lorden,Universidad Gran Mariscal de Ayacucho
Karlis,Moodie,Armed Forces Academy of General Milan Rastislav Štefánik
Lotty,Fetherby,International Medical & Technological University
Silvio,Gaynes,Technological University (Monywa)
Fanchon,Gelderd,Dilla University
Helge,Beddard,Mongolian State University of Agriculture
Bernard,Burchard,Technological University (Pathein)
Veronika,Westfalen,Mills College
Francesco,Friday,Institut Teknologi Bandung
Marlo,Dyte,Hochschule Bremerhaven
Lurline,Godspede,Petrozavodsk State University
Phillie,Loughney,Governors State University
Beverie,Cleminson,Universidad Estatal a Distancia
Lee,Kassidy,University of New Orleans
Orazio,MacNab,Virgen Milagrosa University Foundation
Orsola,Brahmer,International Institute for Geo - Information Science and Earth Observation
Paddy,Downey,University of British Columbia
Filide,Trundle,Kazan State Academy of Architecture and Civil Engineering
Franny,Ginnety,Eurasian Institute of market
Lonee,Craythorn,Mercyhurst College
Dame,Pitman,Shanghai University of Traditional Chinese Medicine and Pharmacology
Bibbie,Scullard,University of Missouri - Saint Louis
Werner,Oldcroft,Emeq Yizrael College
Kenton,Becke,Universitas Sultan Ageng Tirtayasa
Amalea,Issacoff,Coe College
Clevie,Gofton,Pannnasatra University of Cambodia
Wilfrid,Menicomb,Fachhochschule Koblenz
Lexi,Valentinetti,University of Saskatchewan
Ruthanne,Yacobsohn,Herat University
Mariejeanne,Colnet,University of Hawaii - Hilo
Jarred,Olenikov,Islamic College for Sciences and Technologies
Randi,Middlebrook,Tatung Institute of Technology
Maire,Thunnercliffe,Villa Julie College
Margret,Conaghy,Jaypee Institute of Information Technology
Vanya,Bailes,University of South Carolina - Sumter
Bernelle,Leman,Volgograd State University of Architecture and Civil Engineering (VolgGASU)
Louise,Doorly,Portland State University
Lazar,Firbank,University of Gdansk
Diahann,Richardeau,University of Ostrava
Esmeralda,Demeter,Institute for the Economy in Transition
Esmaria,Dillestone,Inner Mongolia Polytechnic University
Joeann,Ferenczi,Universitas Negeri Gorontalo
Lucas,Compson,Japanese Red Cross College of Nursing
Brenna,Scirman,Wuhan University of Hydraulic and Electric Engineering
Alford,O'Siaghail,Fine Arts Academy in Poznan
Cookie,Lydall,St. Clair College
Maxine,Andrzejowski,Lycoming College
Wynne,Itscowics,Mongolian National University
Ebenezer,Crumpe,"University of Medicine 1, Yangon"
Aida,Kollas,Universidad del Centro de México
Ozzy,Papps,Indiana University-Purdue University at Fort Wayne
Gib,Waight,Sichuan International Studies University
Staffard,Tebbutt,Universidad Americana
Garrick,Midford,Baghdad College of Pharmacy
Merrili,Ebenezer,Wilmington College
Lek,Davinet,"Katholieke Universiteit Leuven, Campus Kortrijk"
Drucy,Prue,University of Information Technology and Management in Rzeszow
Madelene,Itchingham,Universidad Tecnológica San Antonio de Machala
Pascale,Luthwood,Howard Payne University
Karleen,Crick,"Royal College of Music, University of London"
Jae,Joice,Arab Open University
Starla,Valek,Guangdong Peizheng College 
Gallard,Wollers,Université Cadi Ayyad
Wallace,Matashkin,Tbilisi Teaching University
Angeli,Heatlie,School of the Museum of Fine Arts
Algernon,Brassill,Universitas Bhayangkara Jakarta Raya
Saundra,Orable,Samara State Aerospace University
Eddie,Hawken,The Federal Polytechnic Offa
Vitoria,Loddy,Ecole Nationale Supérieure Agronomique de Toulouse
Fionna,Simmen,Bryn Athyn College of the New Church
Maddie,Liversage,Dongshin University
Concordia,Karolewski,Institut Supérieur Agricole de Beauvais
Judah,Castrillo,Helsinki School of Economics and Business Administration
Shanie,MacNair,University of Akureyri
Boote,Smeal,The College of Wooster
Tania,Helin,Instituto Universitario CEMA
Crosby,Barthod,Gannon University
Kathie,Stoade,Smolensk Humanitarian University
Mal,Twigley,Loras College
Roley,Bevis,Carleton University
Manon,D'Arrigo,Bastyr University
Delinda,Malshinger,University of Cambridge
Kevyn,Mitchall,Swiss German University
Shandra,Arter,Universidad de La Habana
Delphinia,Danshin,Hokkaido Tokai University
Marius,Alves,Bastyr University
Kiele,Dell'Abbate,Boston Architectural Center
Drusilla,Haugen,University of South Dakota
Johnnie,Edinburough,Thompson Rivers University
Nathanial,Shortt,Southeastern College of the Assemblies of God
Winfield,Geare,Karolinska Institute Stockholm
Mike,Higgonet,Chowan College
Towny,Bunworth,"Fachhochschule Furtwangen, Hochschule für Technik und Wirtschaft"
Jordana,Whilder,Yan'an University
Errol,Muncie,"BGC Trust University, Bangladesh"
Brooke,Dayly,Trinity University School of Medicine
Jacklyn,Roan,"London School of Economics and Political Science, University of London"
Lewes,Abell,National College of Ireland
Eleni,Foster-Smith,Zhongnan University of Technology
Christabella,Goulder,George Wythe College
Ethyl,Dowles,University of Mosul
Shawn,Montier,Isfahan University of Medical Sciences
Leonardo,MacEllen,Mount St. Mary's College California
Cory,O'Dowgaine,Technological Education Institute of Thessaloniki
Dale,Bulteel,Eastern Conservatory of Music
Tibold,Patrick,Universidade de Evora
Faina,Sperski,Polytechnic Institute of Milan
Rockwell,Petrol,St. Petersburg State University of Culture and Arts
Evie,Shakspeare,Western Baptist College
Darsey,Rishman,Chiang Mai Vocational College
Edsel,Manntschke,Kuala Terengganu City Polytechnic
Kaleb,Caslane,Belgorod State Technical University
Dari,Nono,Victoria International University
Afton,Shitliffe,St. Joseph's University
Elene,Maevela,Universidad de Los Lagos
Eryn,Janosevic,Xi'an Highway University
Kamila,Childe,"Islamic Azad University, Shabestar"
Tedd,Grain,Divine Word University
Johnathan,Wyllis,Aurora University
Olly,Kirkam,University of London
Delores,Torpie,University of Kelaniya
Barbaraanne,Elstob,"Université du Centre, Sousse"
Parke,Scholig,"Institute of Teachers Education, Islamic Education"
Humberto,Daintith,Belmont University
Ralf,MacDermott,Boston Architectural Center
Karilynn,Romei,Mount St. Mary's College Maryland
Kendell,Horsewood,Mount St. Mary's College Maryland
Sibyl,Cathcart,Universidade do Grande Rio
Chrystel,Pavlenkov,Kuching Polytechnic
Bertram,Greatbatch,Tashkent State Technical University
Dode,Assel,Universidad Austral de Chile
Mikel,Fissenden,Ivanovo State University of Chemistry and Technology
Grover,Stuckey,Universidade Federal do Paraná
Vivian,Skerrett,Aimst University
Emilee,Borham,Yashawantrao Chavan Maharashtra Open University
Martie,Marriot,Zhongnan University of Finance and Economics
Daphne,Aimson,Qinghai University
Des,Vassel,College of Idaho
Ingram,Worboys,Technical University of Denmark
Irene,Christou,Andon College - Modesto
Ilyse,Mountney,Universidade Castelo Branco
Kirsteni,Hinckesman,George Wythe College
Brianne,Gillbey,Canterbury Christ Church University
Pegeen,McElree,Institut National Polytechnique de Toulouse
Arne,Bohey,University of Louisville
Jerri,Mannock,International Hellenic University
Britteny,Bason,Université de Perpignan
Sibley,Glasner,Instituto Superior de Ciênicas e Tecnologia de Moçambique
Kizzie,McKellar,Ecole Nationale Supérieure des Mines d'Alès
Mufinella,Prevett,Islamia University of Bahawalpur
Galen,Liversley,Ecole Nationale des Travaux Publics de l'Etat
Lesley,Clemenzo,Suffolk University
Myrah,Storrar,Strayer University
Stephanus,Salliere,Ecole Centrale d'Electronique - ECE
Fern,Le Gall,Universidade Estadual da Paraíba
Frederica,Treweek,University of Canterbury
Carol-jean,Klessmann,William Gilbert College
Colan,Shafto,Zhezkazgan Baikonurov University
Dorelle,Clemintoni,"Schiller International University, American College of Switzerland"
Dewie,Iacovo,Northern Alberta Institute of Technology
Cece,Pitchford,University of Indianapolis
Tricia,Mitrovic,Shanghai Customs College
Ulrica,Brian,Kalmar University College
Kurtis,McMackin,Chang Jung University
Tiffanie,Shenfisch,Tashkent State University of Oriental Studies 
Philbert,Catford,Tokyo University of Foreign Studies
Heloise,Corkill,Southern Utah University
Jobey,Alejandre,Rybinsk State Academy of Aviational Technology
Ludovico,Hechlin,University of Rio Grande
Bellina,Vinas,Merrimack College
Juline,Gianni,Frederick University
Celene,Denyukin,University of Illinois at Chicago
Regina,Burnsides,Sabanci University
Lindy,Lintott,European Business School
Hettie,Long,Universidad del Quindío
Isaac,Leeder,Yerevan State University
Kayle,Giacobini,Southwest Missouri State University
Wildon,Greenier,Uzhgorod National University
Dana,Yeldon,"Technological Education Institute of Halkida, Euboea"
Ron,Jizhaki,Trinity Christian College
Cecilla,Keaton,Universiti Industri Selangor
Bendick,Devonside,Valahia University of Targoviste
Town,Blumsom,Precarpathian University
Fields,Idel,Bucknell University
Alfons,Eykelhof,Faculdade Integradas do Ceará
Free,Callen,National Tainan Teachers College
Sara-ann,Boult,Ulsan University
Prue,Pacheco,Beloit College
Vincenty,Balharry,Universidad Popular del Cesar
Carmine,O'Gleasane,Pontificio Ateneo Antonianum
Rosette,Lampkin,Kanto Gakuin University
Georgetta,Hanshawe,Aalborg Business College
Estella,Cluett,"University of Maine, Farmington"
Alaric,Haward,Istituto Universitario di Studi Superiori
Shannen,Trinbey,University Institute of Naval Studies
Reggy,Brakewell,Spartan University of Health Sciences
Elsey,De Brett,Metropolitan State University
Clarence,Skerrett,Universidade de Alfenas
Aube,Hawarden,National Taiwan University of Science and Technology
Demetris,Wrates,Technological Education Institute of Kozani
Nanine,Meake,DeSales University
Redford,Jakuszewski,Jilin University of Technology
Janella,Van Bruggen,Universidade de Uberaba
Gabriele,Swaby,Wimbledon School of Art
Enrico,Rowcliffe,University of Victoria
Lyell,Fozard,Universidad Tecnológica San Antonio de Machala
Orren,Pilley,American InterContinental University - London
Aguie,Leale,Orenburg State University
Hulda,Mecco,"Islamic Azad University, Khorasgan"
Marta,Covolini,University of Resita
Rivy,Boffey,Universität Passau
Michele,Cicculi,"Synergy University, Dubai Campus"
Leandra,Francois,University of Cape Coast
Genvieve,Zukierman,Middle East Technical University
Alyse,Quene,Missouri Southern State College
Clement,Pruvost,University of Constanta Medical School
Zola,Welbourn,Pennsylvania State University - Abington
Jorry,Swetland,Rensselaer Polytechnic Institute
Perrine,Yakobowitz,United Business Institute
Aryn,Leavold,Northwestern College of Chiropractic
Deina,Lynthal,Technological University (Hmawbi)
Natalie,Riddle,Ural State University of Economics
Bartolemo,Silwood,Northwest Polytechnical University Xi'an
Ardys,Russilll,Tiraspol State University
Morgen,Greenhead,Mimar Sinan University
Melisande,Loody,University of Québec
Ingunna,Matherson,Universidade Federal de São Paulo
Robbert,Dartan,"Universidad de Bogotá ""Jorge Tadeo Lozano"""
Annabelle,Marsham,Odessa National Academy of Food Technologies
Ofilia,Realph,Moscow Technical University of Informatics and Communication
Zollie,Squibe,Algonquin College
Claire,Inston,University of Debrecen 
Karil,Skarin,Ecole Supérieure de Commerce de Le Havre/Caen
Hanson,Streetfield,Assumption University
Erl,Beckham,Universidad Central del Ecuador
Harv,Mead,"Royal Academy of Music, University of London"
Mile,Rawlyns,Sikha 'O' Anushandhan University
Patricia,Bigly,Cyprus International Institute of Management (CIIM)
Genni,Folk,Rasmussen College
Timofei,Pevreal,Universidad Autónoma de Tlaxcala
Seline,Davidsen,Carl von Ossietzky Universität Oldenburg
Calhoun,Daintree,State University of New York at Oswego
Lenci,Mariel,"Sikkim Manipal University of Health, Medical and Technological Sciences"
Jess,Grevel,Université de Saida
Brietta,Baggarley,Slippery Rock University
Huntington,Bradberry,Beth-El College of Nursing and Health Sciences
Rayner,Cicero,Voronezh State University
Kay,Dran,Universidad Internacional de las Américas
Raleigh,Morsey,Rice University
Gaelan,D'Ugo,Centro Universitário Monte Serrat
Fiann,Wissbey,Park College
Ailey,Rushbrook,South Dakota School of Mines and Technology
Mayne,Simonutti,Gemological Institute of America
Timotheus,Wapol,ISFORT - Institut de Formation en Technologie Alimentaire
Kamillah,Stockow,"Jain University, Centre for Management Studies"
Niko,Meekins,Politeknik Negeri Jakarta
Sigfrid,Powis,China University of Mining Technology - Beijing
Stevie,Alkins,St. Petersburg State University of Technology and Design
Ethelda,Thurlborn,Vesalius College
Phillipp,Primo,Ghana Telecom University College
Maitilde,Izzatt,Tansian University
Stephie,Gregoletti,Morehead State University
Kerwin,Morales,Ecole Nationale Supérieure de Chimie de Paris
Linoel,Teggin,Miyagi University of Education
Madelene,Courtliff,Universidad Internacional del Ecuador
Gus,Connealy,Raffles University
Tobi,Blunkett,Illinois Valley Community College
Mayne,Sandever,Xinjiang Agriculture University
Edmon,Saltsberg,Aga Khan University
Waring,Clausius,"University of Maine, Orono"
Doretta,Branney,Kobe International University
Theresina,Purrington,Louisiana State University at Eunice
Meara,Barniss,Sadat Academy for Management Sciences
Dorree,Grieg,Eckerd College
Branden,Mellodey,University of Science and Technology Sana'a
Stearne,Sexti,Scholl College of Podiatric Medicine
Crystie,Clues,Pebble Hills University
Veradis,Edgar,Ondo State University of Science and Technology
Niki,Petrulis,Purbanchal University
Felic,Petrenko,Universidad Xicotepetl
Elene,Pingston,Tama Institute of Management and Information Sciences
Yalonda,Black,Gonzaga University
Arlina,Barnewall,Tainan National College of the Arts
Kyla,Binney,IDRAC (Institut de recherche en action commerciale)
Colly,Dome,Musashino Art University
Dunstan,Gowanson,Yeshiva University
Mychal,Rolfo,Augustana College
Delmar,Harbin,Michigan School of Professional Psychology
Fredrika,Huxstep,Northern Caribbean University
Etti,Flew,University of Tehran
Cornela,Camelin,Lenoir-Rhyne College
Gracia,Puve,Instituto Superior de Informática e Gestão
Blane,Ickovicz,Technological Education Institute of Epiros
Pansy,Gammage,"Universidad Argentina ""John F. Kennedy"""
Kenna,Phillippo,Harran University
Ira,Laidler,Centre Universitaire de Jijel
Cord,Durbann,Escuela Politécnica Nacional
Jada,Scaplehorn,Universidade de Alfenas
Marabel,Duffell,University of Indianapolis in Athens
Fred,Corradini,Fachhochschule der Wirtschaft
Ximenes,Crossman,St. Mary's College Indiana
Nevins,Bum,Baker College of Auburn Hills
Ilario,Ineson,Ondo State University of Science and Technology
Dicky,MacNally,Universität Ulm
Adelaide,Dall,Universidad Tecnológica de El Salvador
Verena,Grumble,University Campus Suffolk
Dorothea,Reilingen,Newport International University
Netti,Ranking,Daiichi University of Economics
Matteo,Saurin,Ecole Nationale Supérieure d'Ingenieurs Electriciens de Grenoble
Joseph,Gyrgorwicx,Facultés Universitaires Saint-Louis
Carny,Bodicam,Universitas Islam Riau
Dag,Keedy,Karunya Institute Of Technology ( Deemed University)
Nadia,Alf,"Universidad Iberoamericana, Campus León"
Glyn,Linggard,China University of Mining Technology - Beijing
Karly,Phette,Osaka Dental University
Rachel,Tompkin,Université des Antilles et de la Guyane
Collette,Howick,University of Wisconsin - Parkside
Abbey,Le Bosse,"Universidad Autónoma Agraria ""Antonio Narro"""
Malynda,Dewire,Mount Meru University
Ynez,Dorricott,Universidad de Guayaquil
Erhard,Ilett,Tibet University
Shelli,Watson-Brown,University of Derby
Leanora,Stinson,Université de la Polynésie Française
Waldo,Huitt,Royal lnstitute of Technology
Michal,Wildin,Grantham University
Arte,Ruppeli,University of Nebraska - Omaha
Morganne,Plover,Hong Kong Polytechnic University
Allie,Tidbury,Universität Hannover
Elie,Bothe,Universität Regensburg
Ilyssa,Crippen,International Blacksea University
Yolane,Witchell,Redeemer College
Seward,Forsyde,Gotland University College
Leland,Endrici,Dalian Polytechnic University
Ber,Lozano,Sri Lanka Institute of Information Technology (SLIT)
Kyle,Gunney,Western Michigan University
Chrissy,Aleshintsev,Mehran University of Engineering & Technology
Trevar,O'Tierney,Arkansas State University
Angelika,Macari,University of Miskolc
Thain,Clampe,Universidade do Estado de Santa Catarina
Constantin,Ishak,Universidad de Oriente
Xymenes,Climson,Instituto Politécnico de Portalegre
Dewitt,Font,Tezukayama University
Antonius,Jellyman,Mount Mary College
Hattie,Darmody,Academy of Public Administration of Belarus
Ninnette,Okell,Université de Skikda
Tally,Randlesome,Lalit Narayan Mithila University
Marthe,Daile,Utkal University
Letti,McDonand,Sakarya University
Doralynne,Doghartie,Meiji College of Pharmacy
Eric,Overpool,Georgia State University
Ripley,Swetman,Baze University Abuja
Elwin,Veltmann,Humber College
Adrian,Rentalll,Razi University
Orlando,Lambregts,American InterContinental University - Georgia
Celesta,Owain,Armstrong Atlantic State University
Cortney,Fehners,Kent State University - Salem
Cacilia,Singleton,University of Media Arts
Ahmed,Spradbrow,Pomona College
Elisabetta,Strond,Kyoto University of Art and Design
Ludvig,Sager,Université des Sciences Sociales (Toulouse I)
Sallie,Sapsforde,University College of Trollhättan/Uddevalla
Braden,Foxton,Rana Institute of Higher Education
Guillemette,Tetla,Mashhad University of Medical Sciences
Carolan,Mocher,"Islamic Azad University, Bandar Abbas"
Lorrie,Keating,Kazan State Academy of Architecture and Civil Engineering
Gradey,Ladell,Rivier College
Quintilla,Ferney,The College of Santa Fe
Berenice,Kilpin,Lipscomb University
Luise,Thundercliffe,Saint Mary's University
Elsinore,Petruska,University of Mohaghegh
Gus,Niaves,"California State University, Sacramento"
Erasmus,Brookbank,Fort Lewis College
Hedi,Bovaird,University of Southern Mississippi
Cobbie,Timny,Beijing International Studies University
Munmro,Blacklock,Omsk State University
Noreen,Dowbiggin,Tamil Nadu Dr. M.G.R. Medical University
Marion,Veevers,Musashino Women's University
Essie,Beaby,Université du Droit et de la Sante (Lille II)
Corry,Ramsey,"Tecnologico de Baja California, Universidad"
Morrie,Stonelake,Nagoya University of Foreign Studies
Nolana,Saphir,Sabaragamuwa University of Sri Lanka
Sydelle,Huetson,Shaikh Zayed University
Lia,McCory,Université de Reims Champagne-Ardenne
Bella,Lyffe,Zarka Private University
Karisa,Schruyer,Qinghai University
Juliana,Harrowing,"Academy of International Economic and Political Relations, Gdynia"
Adda,Harburtson,Oman College Of Management & Technology
Land,Kewley,Columbia College of Missouri
Dulcy,Geare,Sul Ross State University
Farrell,Wilbore,School of Management Fribourg
Genevra,Alastair,"East-West University, Mohakhali"
Bogey,Brandreth,Bogor Agricultural University
Brooks,Gamlyn,Indira Gandhi Institute of Development and Research
Symon,Janauschek,Instituto Universitario Nacional del Arte
Verna,Hughes,Technological Education Institute of Kozani
Yuri,Eingerfield,University of Derby
Sydel,Sherbrook,Oregon Institute of Technology
Christophe,Bein,Oglala Lakota College
Josy,Benkin,Novosibirsk State University
Kayla,Arghent,"Islamic Azad University, Arak"
Serene,Giovanni,Marywood University
Humbert,Pease,Texas Tech University
Jehanna,McCreagh,Universidad Técnica de Babahoyo
Cherilynn,Spurett,Masaryk University
Shermy,Shergill,San Francisco Art Institute
Mauricio,Mawne,Moscow State Academy of Applied Biotechnology
Kora,Tyrie,Beijing University of Chinese Medicine and Pharmacology
Penni,Hartles,Universidad Privada del Valle
Hayes,Davidow,Sang Ji University
Noel,Ewles,Instituto Piaget
Kaye,Chrystal,Wilmington College
Margarete,Rule,Chongju National University of Education
Essy,McLaughlin,Universitas Islam Riau
Dimitri,Frichley,Herat University
Dimitri,Petters,Konan Women's University
Lida,Godspeede,University of Wah
Celestyn,Kubera,University of Kalamoon
Humfrey,Tungay,University of the Philippines Baguio
Sigismondo,Proudley,University of Resita
Grethel,Dinzey,Winthrop University
Shelly,Baumford,Huaihua Radio and Television University
Lee,Abad,Vietnam National University Hanoi
Annnora,Benasik,Gonabad University of Medical Sciences
Egor,Flay,Barton College
Misti,Frankes,"Indian Institute of Technology, Delhi"
Bell,Hatton,St. Thomas Aquinas College
Akim,Climpson,China youth college for political science
Jacqueline,Westmore,Spalding University
Brig,Grass,Sultan Abdul Halim Muadzam Shah Polytechnic
Artemis,De Benedetti,Yunnan Agriculture University
Misha,Jodlkowski,Darul Naim College of Technology
Creigh,Grayston,Golden Gate University
Lydon,Rops,Malaysia University of Science and Technology (MUST)
Kalvin,Frowd,Wimbledon School of Art
Cazzie,Phinnis,St. Petersburg State University of Telecommunication
Jaclyn,Josovich,Westwood College
Trent,Brinded,Myanmar Aerospace Engineering University
Nevil,Nurny,Graceland College
Andree,Wychard,Divine Word College
Valentine,Ruddoch,University of Luxemburg
Vail,Clist,Agricultural University of Lublin
Borg,Mars,Cumberland College
Burtie,Gaenor,Universidad de la República
Roselia,MacGauhy,Flinders University of South Australia
Irena,Camois,"Concordia College, Moorhead"
Ferdinanda,Kubiak,Lewis-Clark State College
Britte,Dalinder,East Texas Baptist University
Fernando,Olivetti,Gardner Webb University
Tonie,Battany,Pyongtaek University 
Sheela,Ahrend,Ecole de l'Air
Delaney,Spread,"University of California, Los Angeles"
Wini,Timmons,Tiffin University
Ab,Piercy,Greensboro College
Tory,Esbrook,Chao Yang University of Science and Technology
Ann-marie,Candey,Universität Mozarteum Salzburg
Etan,Seeviour,Université Laval
Sophi,Marie,Yaroslavl State Technical University
Edgar,Sabate,Kharkiv National University
Clive,Lardge,Universidad APEC
Burt,Mochar,Universitas Ma Chung
Brade,Runnalls,Mukogawa Women's University
Maggee,Gabits,Busoga University
Nelia,Redfield,Universidad San Francisco Xavier de Chuquisaca
Pam,Bute,Linton University College
Zsa zsa,Konzelmann,University of Bucharest
Craggy,Boyd,University College of Skövde
Kessiah,Nevitt,Bangabandhu Sheikh Mujibur Rahman Agricultural University
Tucker,Rentoll,Nanjing Union Theological Seminary
Abbye,Guildford,College for Lifelong Learning
Cayla,Cary,Herat University
Constancia,Try,Gonzaga University
Norri,Ells,Hogeschool Antwerpen
Petronia,Owbrick,Worcester State College
Allison,Renihan,Astrahan State Medical Academy
Witty,Ferson,Kafkas University
Hugh,Baumadier,University of Bedfordshire
Bendicty,Hawksby,Jinan University
Tibold,Trowel,Grace Bible College
Geralda,Doucette,Montana State University - Northern
Garner,Legge,Universidad Pedagógica Veracruzana
Shelia,Goley,Universitas Merdeka Malang
Katleen,Watkinson,Fachhochschule Hamburg
Putnem,Featherstonhalgh,Universidade Tiradentes
Bank,Bowdon,Bhagwant University
Harlen,O'Hollegan,University of Mysore
Maire,Giamelli,University of Engineering and Technology Lahore
Drew,Hurdle,Sumy State University
Chico,Packwood,Cork Institute of Technology
Ruddy,Pidler,Indian Board of Alternative Medicine
Maximo,Fountian,Baylor College of Dentistry
Laurella,Heinschke,University Campus Suffolk
Timmie,Patek,Anambra State University of Science and Technology
Chris,Jachimak,University of Foggia
Earl,Muddle,African Virtual University
Analise,Crunkhurn,Arak University of Medical Sciences
Teddie,Bunworth,Medical University of South Carolina
Kory,Hurtic,Fiji School of Medicine
Ambur,Ickovitz,Université Catholique de Lyon
Guthry,Petracchi,University of Verona
Elset,Ivashintsov,University of Molise
Lynett,Karlsen,Slippery Rock University
Becki,Barfford,Jalalabad State University Kyrgyzstan
Brien,Colam,University of the Sacred Heart Tokyo
Maddy,Wernher,Preston Institute of Management Sciences and Technology (PIMSAT)
Benton,Rattry,Universidad de Norteamerica
Dermot,Fullylove,Pedagogical University of Czestochowa
Cecilia,Filippozzi,HWP - Hamburger Universität für Wirtschaft und Politik
Alain,Carmont,Universidad Católica Nuestra Senora de la Asunción
Camille,Broszkiewicz,Geneva College
Frederik,Da Costa,Ecole Nationale de l'Aviation Civile
Winny,Hubbard,Mount Sinai School of Medicine
Ronalda,Estrella,Kadir Has University
Jarrid,Vivian,Columbia Commonwealth University
Roberto,Theis,Universidad de Viña del Mar
Mal,Easdon,University of Hawaii - West Oahu
Selena,Jakeway,Western Mindanao State University
D'arcy,Leiden,Lesley University
Raff,Widdecombe,Roosevelt University
Sloane,Temby,Lviv National Medical Univeristy
Gideon,Farnhill,University of Findlay
Liza,Henstone,University of Massachusetts at Lowell
Tab,Sharply,ISFORT - Institut de Formation en Technologie Alimentaire
Ginnifer,Foxley,"Fine Arts Academy ""Jan Matejko"" in Cracow"
Zollie,Cossell,Wesleyan College
Brandice,Vogeller,Indiana University - Northwest
Hugibert,Ortsmann,Centre Universitaire de Jijel
Caro,Myhill,Shahed University
Harlene,Taylorson,Naval Postgraduate School
Damaris,Kendall,"Islamic Azad University, Mobarakeh"
Pen,Rangeley,University of Alaska - Anchorage
Sylvester,Hannigane,Bishop's University
Jo,Reisk,Robert Morris College
Ambur,Rosencrantz,Silver Lake College
Teddie,Marrington,College of Technology at Kharj
Enrico,Tenniswood,St. Petersburg State Cinema and TV University
Elton,Bresner,Towson University
Felix,Paintain,Universitas Muhammadiyah Sumatra Utara
Sal,Zorzini,Arab Open University
Glen,Scurrey,Tashkent State Agrarian University
Rutger,Cromer,Abylai Khan University
Gawen,Mellers,Shanghai Lixin University of Commerce
Geordie,Vanyard,"University of California, Los Angeles"
Colan,Coult,Presbyterian University of East Africa
Natalina,Moult,University of Hartford
Cassy,Jasik,Université de Versailles Saint-Quentin-en-Yvelines
Edsel,Leys,University of King's College
Gilly,Rijkeseis,St. Anselm College
Augustine,Dilon,Fachhochschule Pur
Pavel,Brixey,Albert-Ludwigs-Universität Freiburg
Rick,Skoggins,Technical University of Kielce
Humphrey,Iacomini,Naval Postgraduate School
Aubine,Foxworthy,Tufts University
Colan,Hoyle,Universidad Politecnica de Puerto Rico
Sadie,Hurll,Xi'an Academy of Fine Art
Alastair,Scarlett,University of Hartford
Binni,Scotchmer,Nebraska Wesleyan University
Ammamaria,Pughe,Université de 7 Novembre à Carthage
Caz,Mazzia,Chongqing University of Communications
Johnathon,Livock,Université Hassan II - Aïn Chock
Daveen,Briston,Berry College
Ronnica,Graver,Akita University
Lockwood,McCluin,Universidad Internacional de Andalucía
Natka,Treend,Emily Carr Institute of Art + Design
Marmaduke,Gosnoll,The Defiance College
Marcelia,Layton,National University of Arts
Fred,Holliar,Gifu University for Education and Languages
Ruthy,Wreiford,Universidad de Cuautitlan Izcalli
Ervin,Kiledal,Gifu Women's University
Colin,Drable,University of Medicine Magway
Alysia,Michurin,Columbus University
Sigismondo,Bogey,Universidad Centroamericana
Sonni,Knock,Griffith University
Marilyn,Buttner,University of Da Lat
Leodora,Coppen,Open University of Sudan (OUS)
Bartholomeo,Emby,Asahi University
Erich,Bulbrook,Isfahan University of Medical Sciences
Levon,Climpson,Liaquat University of Medical & Health Sciences Jamshoro
Aprilette,Kondratyuk,Haynal Imre University of Health Sciences Budapest
Gwendolyn,Attkins,Nakamura Gakuen University
Leland,Drinkhill,Baker College of Flint
Jo-anne,Heasly,"Fachhochschule Ludwigshafen, Hochschule für Wirtschaft"
Joscelin,Dorkens,Southwestern Assemblies of God University
Fancy,Rosendale,University of Petroleum (East China)
Noellyn,Emanuel,Christ University
Eldin,Giorio,PTPL College
Janean,Samme,"Hochschule Harz, Hochschule für angewandte Wissenschaften (FH)"
Katrine,Goldsmith,University of Massachusetts at Lowell
Randy,Groneway,Universidad Autónoma de Madrid
Dev,Armfield,University of Illinois
Judith,De Biaggi,Western State University College of Law - Orange County
Thaxter,Swaden,Cumhuriyet (Republik) University
Anabal,Coventon,Yangtze Normal University
Demetria,Tweedle,Western States Chiropractic College
Malchy,Pleming,Nyack College
Seline,Braben,Ecole Supérieure de Commerce de Sophia Antipolis
Lari,O'Keaveny,University of NorthWest
Wilma,Torfin,Chuka University
Barbi,Marlor,Southeastern Louisiana University
Marcelo,Paschek,University of Lucerne
Layton,Greenland,"Islamic Azad University, Parand"
Layney,Matthiesen,St. Petersburg State Technological University of Plant Polymers
Thatcher,Liston,Northern Caribbean University
Yolanda,Bradnum,"University of Maine, Orono"
Rebeca,Stare,Université Stendhal (Grenoble III)
Tabina,Cunradi,State University of New York Maritime College
Reina,Tott,Paine College
Heddi,Blockwell,Regis College
Baron,Bravery,University of Applied Sciences Chur
Arley,Cronin,European Academy of Arts in Warsaw
Erroll,Pietersen,Hue University
Myles,Gerardot,Dow University of Health Sciences
Blondell,Tolman,Vietnam National University Hanoi
Oliy,Blaksland,Phillips University
Harley,Darlasson,Yaroslavl International University of Business and New Technologies
Uriah,Tanswell,University of Bialystok
Nobe,Giaomozzo,San Diego University for Integrative Studies
Hermina,Bentje,Northrise University
Jammal,Roubottom,Johnson & Wales University
Harp,Gunter,Ecole Supérieure d'Optique
Austin,Mulhill,Universidad de Burgos
Gael,Noquet,University of Northern Bahr El-Ghazal
Shaina,Yannikov,University of St. Andrews
Douglas,Coucher,Evangelische Hochschule für Soziale Arbeit Dresden (FH)
Jacinta,Gillcrist,Instituto Mauá de Tecnologia
Fonzie,Kempson,Wesley College
Imogene,Nyles,Aletheia University
Camille,Cruwys,Universidad Evangélica de El Salvador
Adolph,Offner,Catholic University of Eastern Africa
Darda,Batram,The Government Sadiq College Women University Bahawalpur
Melisandra,Szymonwicz,Ohio Valley College
Anica,Penswick,Universidad Católica del Táchira
Aindrea,Dat,Kyoto University
Waring,Bucher,Kamalolmolk Art & Architecture Higher Education Institute of Noshahr
Nedi,Hatchette,Georg-August Universität Göttingen
Rusty,De Giorgi,University of Johannesburg
Dniren,Clericoates,Morehead State University
Delphinia,Jankiewicz,Heinrich-Heine Universität Düsseldorf
Arnoldo,Sabater,Unitomo Surabaya
Ode,Root,Ufuk University
Teri,Carillo,Barton College
Hieronymus,Restorick,Prasetiya Mulya Business School
Brigg,Ranger,Ecole Nationale Supérieure de Biologie Appliquée à la Nutrition et à l'Alementation
Shannon,Berzon,Universidad Tecnológica Oteima
Lynelle,Brockwell,University of the Sacred Heart Tokyo
Pacorro,Brickham,Linguistic University of Nizhny Novgorod
Holli,Dilkes,Luhansk State Medical University
Merl,Hutchason,Indiana Institute of Technologyy
Channa,McPharlain,University of Milan - Bicocca
Demetris,Writtle,University of Connecticut Health Center
Danny,Croser,Institut des Sciences de l'Ingénieur de Clermont-Ferrand
Kelsi,Yarrall,Universidad San Martin de Porres
Marita,Prop,Pontificia Università della Santa Croce
Kara,Bernolet,Takoradi Polytechnic 
Fanchon,Ciccoloi,Ohio Northern University
Jasmina,Underwood,Central Saint Martins College of Art & Design
Cecile,Portt,Universidad de Granada
Crissy,BoHlingolsen,University of Montana Western
Dodie,Legan,Universidad Mexicana del Noreste
Lea,O'Bradane,Jamia Millia Islamia University
Kenna,Boulde,University of Northern Washington
Dot,Bubb,Xavier University
Karla,Youson,Universitas Negeri Semarang
Mathias,Ballin,Albany College of Pharmacy
