first_name,last_name
Jason,Wang
Melissa,Gilbert
Beth,Sanchez
Penny,Barton
Jennifer,Ferrell
Michelle,Taylor
Courtney,Cooper
Dustin,Davis
Robert,Hall
Joshua,Lynch
Taylor,King
Carol,Gonzales
Vanessa,Walls
Jose,Gutierrez
Brandon,Mercado
David,Nguyen
Patricia,Pacheco
Glenda,Underwood
Mitchell,Johnson
Richard,Peterson
Martin,Blanchard
Michael,Castro
Heidi,Johnson
Juan,Olson
Jessica,Herring
Emily,Beck
Maureen,Reed
Kristopher,Watson
Jamie,Mcguire
Brittney,Smith
James,Williams
Rhonda,Patel
Mary,Solis
Christopher,Sims
Ann,Moreno
Paige,Mcintyre
Bradley,Padilla
Rebecca,Giles
Chad,Rodriguez
Anthony,Ochoa
Nicholas,Smith
Peter,Lloyd
Ryan,Boyd
Karen,Williamson
Samuel,Tyler
Margaret,Gonzalez
Gabriel,Ibarra
Megan,Garza
Samantha,Hood
Timothy,Aguilar
Angela,Mcintosh
Amber,Coleman
Daniel,Gutierrez
Sheila,Wang
Julie,Washington
John,Obrien
Heather,Haney
Amy,Mckee
Raymond,Gutierrez
Sharon,Floyd
Lisa,Gonzalez
Kristen,Daniels
Latoya,Miller
Frederick,Jensen
Makayla,Murphy
Lori,Hubbard
Susan,Thomas
Kim,Wilson
Paul,Foster
Jeffrey,Spencer
Sylvia,Robles
Gina,Knight
Andrew,Silva
Mark,Hanna
Gary,Yoder
Brett,Harris
Amanda,Alexander
Jenna,Poole
Sheryl,Peterson
Donald,Hernandez
Diana,Callahan
Janice,Bowman
Tyler,Taylor
Brenda,Walton
Denise,Little
Joel,Fisher
Renee,Sherman
Derek,Moses
Marvin,Klein
Deanna,Rivera
Edward,Lawrence
Matthew,Sawyer
Jacqueline,Mckenzie
Holly,Wolf
Dale,Anderson
Eric,Hernandez
Theresa,Williams
Andrea,Weber
Thomas,Nelson
Sarah,Gordon
